Date,Open,High,Low,Close,Volume,Symbol,ma_7,ma_30,pct_change
2025-10-09,257.805,258.0,253.14,254.04,3.8322012E7,AAPL,254.0399932861328,254.0399932861328,
2025-10-09,257.805,258.0,253.14,254.04,3.8322012E7,AAPL,254.0399932861328,254.0399932861328,0.0
2025-10-09,257.805,258.0,253.14,254.04,3.8322012E7,AAPL,254.0399932861328,254.0399932861328,0.0
2025-10-09,257.805,258.0,253.14,254.04,3.8322012E7,AAPL,254.0399932861328,254.0399932861328,0.0
2025-10-09,257.805,258.0,253.14,254.04,3.8322012E7,AAPL,254.0399932861328,254.0399932861328,0.0
2025-10-10,254.94,256.38,244.0,245.27,6.1999096E7,AAPL,252.57832845052084,252.57832845052084,-3.45
2025-10-10,254.94,256.38,244.0,245.27,6.1999096E7,AAPL,251.53428213936942,251.53428213936942,0.0
2025-10-10,254.94,256.38,244.0,245.27,6.1999096E7,AAPL,250.28142656598772,250.75124740600586,0.0
2025-10-10,254.94,256.38,244.0,245.27,6.1999096E7,AAPL,249.02857099260603,250.14222039116754,0.0
2025-10-10,254.94,256.38,244.0,245.27,6.1999096E7,AAPL,247.77571541922433,249.65499877929688,0.0
2025-10-13,249.38,249.69,245.56,247.66,3.8142944E7,AAPL,246.86428833007812,249.47363558682528,0.97
2025-10-13,249.38,249.69,245.56,247.66,3.8142944E7,AAPL,245.95286124093192,249.32249959309897,0.0
2025-10-13,249.38,249.69,245.56,247.66,3.8142944E7,AAPL,246.2942897251674,249.19461529071515,0.0
2025-10-13,249.38,249.69,245.56,247.66,3.8142944E7,AAPL,246.6357182094029,249.08500017438615,0.0
2025-10-13,249.38,249.69,245.56,247.66,3.8142944E7,AAPL,246.9771466936384,248.99000040690103,0.0
2025-10-14,246.6,248.845,244.7,247.77,3.5477984E7,AAPL,247.33428955078125,248.91375064849854,0.04
2025-10-14,246.6,248.845,244.7,247.77,3.5477984E7,AAPL,247.6914324079241,248.84647144990808,0.0
2025-10-14,246.6,248.845,244.7,247.77,3.5477984E7,AAPL,247.70714678083147,248.7866677178277,0.0
2025-10-14,246.6,248.845,244.7,247.77,3.5477984E7,AAPL,247.72286115373885,248.73315911543997,0.0
2025-10-14,246.6,248.845,244.7,247.77,3.5477984E7,AAPL,247.7385755266462,248.68500137329102,0.0
2025-10-15,249.485,251.82,247.47,249.34,3.3893612E7,AAPL,247.97857448032923,248.71619160970053,0.63
2025-10-15,249.485,251.82,247.47,249.34,3.3893612E7,AAPL,248.21857343401228,248.7445463700728,0.0
2025-10-15,249.485,251.82,247.47,249.34,3.3893612E7,AAPL,248.44285801478796,248.77043549910834,0.0
2025-10-15,249.485,251.82,247.47,249.34,3.3893612E7,AAPL,248.6671425955636,248.79416720072427,0.0
2025-10-15,249.485,251.82,247.47,249.34,3.3893612E7,AAPL,248.89142717633928,248.81600036621094,0.0
2025-10-16,248.25,249.04,245.13,247.45,3.9776976E7,AAPL,248.84571184430803,248.76346177321213,-0.76
2025-10-16,248.25,249.04,245.13,247.45,3.9776976E7,AAPL,248.79999651227678,248.7148149278429,0.0
2025-10-16,248.25,249.04,245.13,247.45,3.9776976E7,AAPL,248.52999659946985,248.66964285714286,0.0
2025-10-16,248.25,249.04,245.13,247.45,3.9776976E7,AAPL,248.25999668666296,248.62758610166352,0.0
2025-10-16,248.25,249.04,245.13,247.45,3.9776976E7,AAPL,247.98999677385603,248.5883331298828,0.0
2025-10-17,248.02,253.38,247.27,252.29,4.914696E7,AAPL,248.4114249093192,248.52999979654948,1.96
2025-10-17,248.02,253.38,247.27,252.29,4.914696E7,AAPL,248.83285304478235,248.47166646321614,0.0
2025-10-17,248.02,253.38,247.27,252.29,4.914696E7,AAPL,249.52428109305245,248.4133331298828,0.0
2025-10-17,248.02,253.38,247.27,252.29,4.914696E7,AAPL,250.21570914132255,248.3549997965495,0.0
2025-10-17,248.02,253.38,247.27,252.29,4.914696E7,AAPL,250.90713718959265,248.29666646321616,0.0
2025-10-20,255.885,264.375,255.63,262.24,9.0483032E7,AAPL,253.0199933733259,248.86233266194662,3.94
2025-10-20,255.885,264.375,255.63,262.24,9.0483032E7,AAPL,255.13284955705916,249.4279988606771,0.0
2025-10-20,255.885,264.375,255.63,262.24,9.0483032E7,AAPL,256.5542776925223,249.99366505940756,0.0
2025-10-20,255.885,264.375,255.63,262.24,9.0483032E7,AAPL,257.9757058279855,250.55933125813803,0.0
2025-10-20,255.885,264.375,255.63,262.24,9.0483032E7,AAPL,259.39713396344865,251.1249974568685,0.0
2025-10-21,261.88,265.29,261.83,262.77,4.6695948E7,AAPL,260.89427621024,251.6286636352539,0.2
2025-10-21,261.88,265.29,261.83,262.77,4.6695948E7,AAPL,262.39141845703125,252.13232981363933,0.0
2025-10-21,261.88,265.29,261.83,262.77,4.6695948E7,AAPL,262.4671325683594,252.63599599202473,0.0
2025-10-21,261.88,265.29,261.83,262.77,4.6695948E7,AAPL,262.5428466796875,253.13966217041016,0.0
2025-10-21,261.88,265.29,261.83,262.77,4.6695948E7,AAPL,262.6185607910156,253.64332834879556,0.0
2025-10-22,262.65,262.85,255.43,258.45,4.5015256E7,AAPL,262.07713535853793,253.99932861328125,-1.64
2025-10-22,262.65,262.85,255.43,258.45,4.5015256E7,AAPL,261.5357099260603,254.35532887776694,0.0
2025-10-22,262.65,262.85,255.43,258.45,4.5015256E7,AAPL,260.9185703822545,254.7113291422526,0.0
2025-10-22,262.65,262.85,255.43,258.45,4.5015256E7,AAPL,260.30143083844865,255.06732940673828,0.0
2025-10-22,262.65,262.85,255.43,258.45,4.5015256E7,AAPL,259.68429129464283,255.42332967122397,0.0
2025-10-23,259.94,260.62,258.0101,259.58,3.275494E7,AAPL,259.22857666015625,255.76466267903646,0.44
2025-10-23,259.94,260.62,258.0101,259.58,3.275494E7,AAPL,258.77286202566967,256.105995686849,0.0
2025-10-23,259.94,260.62,258.0101,259.58,3.275494E7,AAPL,258.93428693498885,256.44732869466145,0.0
2025-10-23,259.94,260.62,258.0101,259.58,3.275494E7,AAPL,259.095711844308,256.788661702474,0.0
2025-10-23,259.94,260.62,258.0101,259.58,3.275494E7,AAPL,259.2571367536272,257.12999471028644,0.0
2025-10-24,261.19,264.13,259.18,262.82,3.8253716E7,AAPL,259.8814217703683,257.64232838948567,1.25
2025-10-24,261.19,264.13,259.18,262.82,3.8253716E7,AAPL,260.5057067871094,258.1546620686849,0.0
2025-10-24,261.19,264.13,259.18,262.82,3.8253716E7,AAPL,260.96856689453125,258.66699574788413,0.0
2025-10-24,261.19,264.13,259.18,262.82,3.8253716E7,AAPL,261.4314270019531,259.17932942708336,0.0
2025-10-24,261.19,264.13,259.18,262.82,3.8253716E7,AAPL,261.894287109375,259.69166310628253,0.0
2025-10-27,264.88,269.12,264.6501,268.81,4.4888152E7,AAPL,263.2128601074219,260.24232991536456,2.28
2025-10-27,264.88,269.12,264.6501,268.81,4.4888152E7,AAPL,264.53143310546875,260.7929967244466,0.0
2025-10-27,264.88,269.12,264.6501,268.81,4.4888152E7,AAPL,265.38714599609375,261.3436635335286,0.0
2025-10-27,264.88,269.12,264.6501,268.81,4.4888152E7,AAPL,266.24285888671875,261.89433034261066,0.0
2025-10-27,264.88,269.12,264.6501,268.81,4.4888152E7,AAPL,267.09857177734375,262.4449971516927,0.0
2025-10-28,268.985,269.89,268.15,269.0,4.153476E7,AAPL,267.98142787388394,262.6703308105469,0.07
2025-10-28,268.985,269.89,268.15,269.0,4.153476E7,AAPL,268.8642839704241,262.895664469401,0.0
2025-10-28,268.985,269.89,268.15,269.0,4.153476E7,AAPL,268.8914271763393,263.1209981282552,0.0
2025-10-28,268.985,269.89,268.15,269.0,4.153476E7,AAPL,268.9185703822545,263.34633178710936,0.0
2025-10-28,268.985,269.89,268.15,269.0,4.153476E7,AAPL,268.94571358816967,263.57166544596356,0.0
2025-10-29,269.275,271.41,267.11,269.7,5.1086744E7,AAPL,269.07285853794644,263.80266621907555,0.26
2025-10-29,269.275,271.41,267.11,269.7,5.1086744E7,AAPL,269.2000034877232,264.0336669921875,0.0
2025-10-29,269.275,271.41,267.11,269.7,5.1086744E7,AAPL,269.3000052315848,264.26466776529946,0.0
2025-10-29,269.275,271.41,267.11,269.7,5.1086744E7,AAPL,269.40000697544644,264.49566853841145,0.0
2025-10-29,269.275,271.41,267.11,269.7,5.1086744E7,AAPL,269.500008719308,264.72666931152344,0.0
2025-10-30,271.99,274.14,268.48,271.4,6.9886536E7,AAPL,269.8428649902344,265.15833536783856,0.63
2025-10-30,271.99,274.14,268.48,271.4,6.9886536E7,AAPL,270.1857212611607,265.5900014241536,0.0
2025-10-30,271.99,274.14,268.48,271.4,6.9886536E7,AAPL,270.42857578822543,266.02166748046875,0.0
2025-10-30,271.99,274.14,268.48,271.4,6.9886536E7,AAPL,270.6714303152902,266.4533335367839,0.0
2025-10-30,271.99,274.14,268.48,271.4,6.9886536E7,AAPL,270.9142848423549,266.88499959309894,0.0
2025-10-31,276.99,277.32,269.16,270.37,8.616712E7,AAPL,271.00999668666293,267.2446665445963,-0.38
2025-10-31,276.99,277.32,269.16,270.37,8.616712E7,AAPL,271.10570853097096,267.6043334960938,0.0
2025-10-31,276.99,277.32,269.16,270.37,8.616712E7,AAPL,270.9585658482143,267.96400044759116,0.0
2025-10-31,276.99,277.32,269.16,270.37,8.616712E7,AAPL,270.8114231654576,268.32366739908855,0.0
2025-10-31,276.99,277.32,269.16,270.37,8.616712E7,AAPL,270.6642804827009,268.68333435058594,0.0
2025-11-03,270.42,270.85,266.25,269.05,5.0194584E7,AAPL,270.3285653250558,268.89100036621096,-0.49
2025-11-03,270.42,270.85,266.25,269.05,5.0194584E7,AAPL,269.9928501674107,269.0986663818359,0.0
2025-11-03,270.42,270.85,266.25,269.05,5.0194584E7,AAPL,269.8042776925223,269.30633239746095,0.0
2025-11-03,270.42,270.85,266.25,269.05,5.0194584E7,AAPL,269.61570521763394,269.5139984130859,0.0
2025-11-03,270.42,270.85,266.25,269.05,5.0194584E7,AAPL,269.4271327427455,269.72166442871094,0.0
2025-11-04,268.325,271.486,267.615,270.04,4.9274848E7,AAPL,269.37999180385043,269.7626647949219,0.37
2025-11-04,268.325,271.486,267.615,270.04,4.9274848E7,AAPL,269.33285086495533,269.8036651611328,0.0
2025-11-04,268.325,271.486,267.615,270.04,4.9274848E7,AAPL,269.47428240094865,269.84466552734375,0.0
2025-11-04,268.325,271.486,267.615,270.04,4.9274848E7,AAPL,269.615713936942,269.8856658935547,0.0
2025-11-04,268.325,271.486,267.615,270.04,4.9274848E7,AAPL,269.7571454729353,269.9266662597656,0.0
2025-11-05,268.61,271.7,266.93,270.14,4.2586288E7,AAPL,269.9128635951451,269.96466674804685,0.04
2025-11-05,268.61,271.7,266.93,270.14,4.2586288E7,AAPL,270.0685817173549,270.00266723632814,0.0
2025-11-05,268.61,271.7,266.93,270.14,4.2586288E7,AAPL,270.08286830357144,270.04066772460936,0.0
2025-11-05,268.61,271.7,266.93,270.14,4.2586288E7,AAPL,270.09715488978793,270.07866821289065,0.0
2025-11-05,268.61,271.7,266.93,270.14,4.2586288E7,AAPL,270.1114414760045,270.1166687011719,0.0
2025-11-06,267.89,273.4,267.89,269.77,5.1204044E7,AAPL,270.0728672572545,270.11900126139324,-0.14
2025-11-06,267.89,273.4,267.89,269.77,5.1204044E7,AAPL,270.0342930385045,270.1213338216146,0.0
2025-11-06,267.89,273.4,267.89,269.77,5.1204044E7,AAPL,269.98143223353793,270.12366638183596,0.0
2025-11-06,267.89,273.4,267.89,269.77,5.1204044E7,AAPL,269.92857142857144,270.12599894205727,0.0
2025-11-06,267.89,273.4,267.89,269.77,5.1204044E7,AAPL,269.8757106236049,270.1283315022786,0.0
2025-11-07,269.795,272.29,266.77,268.47,4.8227364E7,AAPL,269.6371372767857,270.0306650797526,-0.48
2025-11-07,269.795,272.29,266.77,268.47,4.8227364E7,AAPL,269.39856392996654,269.93299865722656,0.0
2025-11-07,269.795,272.29,266.77,268.47,4.8227364E7,AAPL,269.21285138811385,269.8353322347005,0.0
2025-11-07,269.795,272.29,266.77,268.47,4.8227364E7,AAPL,269.02713884626115,269.7376658121745,0.0
2025-11-07,269.795,272.29,266.77,268.47,4.8227364E7,AAPL,268.84142630440846,269.63999938964844,0.0
2025-11-10,268.96,273.73,267.455,269.43,4.1312412E7,AAPL,268.7928553989955,269.6086659749349,0.36
2025-11-10,268.96,273.73,267.455,269.43,4.1312412E7,AAPL,268.7442844935826,269.57733256022135,0.0
2025-11-10,268.96,273.73,267.455,269.43,4.1312412E7,AAPL,268.8814261300223,269.54599914550784,0.0
2025-11-10,268.96,273.73,267.455,269.43,4.1312412E7,AAPL,269.01856776646207,269.51466573079426,0.0
2025-11-10,268.96,273.73,267.455,269.43,4.1312412E7,AAPL,269.1557094029018,269.48333231608075,0.0
2025-11-11,269.81,275.91,269.8,275.25,4.620832E7,AAPL,270.12428065708707,269.68999938964845,2.16
2025-11-11,269.81,275.91,269.8,275.25,4.620832E7,AAPL,271.0928519112723,269.89666646321615,0.0
2025-11-11,269.81,275.91,269.8,275.25,4.620832E7,AAPL,271.92428152901783,270.10333353678385,0.0
2025-11-11,269.81,275.91,269.8,275.25,4.620832E7,AAPL,272.7557111467634,270.31000061035155,0.0
2025-11-11,269.81,275.91,269.8,275.25,4.620832E7,AAPL,273.58714076450894,270.51666768391925,0.0
2025-11-12,275.0,275.73,271.7,273.47,4.8397984E7,AAPL,274.1642848423549,270.63100077311196,-0.65
2025-11-12,275.0,275.73,271.7,273.47,4.8397984E7,AAPL,274.7414289202009,270.7453338623047,0.0
2025-11-12,275.0,275.73,271.7,273.47,4.8397984E7,AAPL,274.48714338030135,270.8596669514974,0.0
2025-11-12,275.0,275.73,271.7,273.47,4.8397984E7,AAPL,274.2328578404018,270.9740000406901,0.0
2025-11-12,275.0,275.73,271.7,273.47,4.8397984E7,AAPL,273.9785723005022,271.0883331298828,0.0
2025-11-13,274.11,276.699,272.09,272.95,4.9602792E7,AAPL,273.6500026157924,271.1819997151693,-0.19
2025-11-13,274.11,276.699,272.09,272.95,4.9602792E7,AAPL,273.3214329310826,271.2756663004557,0.0
2025-11-13,274.11,276.699,272.09,272.95,4.9602792E7,AAPL,273.2471487862723,271.3693328857422,0.0
2025-11-13,274.11,276.699,272.09,272.95,4.9602792E7,AAPL,273.17286464146207,271.46299947102864,0.0
2025-11-13,274.11,276.699,272.09,272.95,4.9602792E7,AAPL,273.0985804966518,271.5566660563151,0.0
2025-11-14,271.05,275.96,269.6,272.41,4.7431332E7,AAPL,272.9471522739955,271.64466654459636,-0.2
2025-11-14,271.05,275.96,269.6,272.41,4.7431332E7,AAPL,272.7957240513393,271.7326670328776,0.0
2025-11-14,271.05,275.96,269.6,272.41,4.7431332E7,AAPL,272.7185799734933,271.82066752115884,0.0
2025-11-14,271.05,275.96,269.6,272.41,4.7431332E7,AAPL,272.6414358956473,271.9086680094401,0.0
2025-11-14,271.05,275.96,269.6,272.41,4.7431332E7,AAPL,272.56429181780135,271.9966684977214,0.0
2025-11-17,268.815,270.49,265.73,267.46,4.501826E7,AAPL,271.7800031389509,271.96300150553384,-1.82
2025-11-17,268.815,270.49,265.73,267.46,4.501826E7,AAPL,270.99571446010043,271.92933451334636,0.0
2025-11-17,268.815,270.49,265.73,267.46,4.501826E7,AAPL,270.28856985909596,271.8956675211588,0.0
2025-11-17,268.815,270.49,265.73,267.46,4.501826E7,AAPL,269.58142525809154,271.86200052897135,0.0
2025-11-17,268.815,270.49,265.73,267.46,4.501826E7,AAPL,268.87428065708707,271.8283335367839,0.0
2025-11-18,269.99,270.71,265.32,267.44,4.567728E7,AAPL,268.1642804827009,271.7620005289713,-0.01
2025-11-18,269.99,270.71,265.32,267.44,4.567728E7,AAPL,267.4542803083147,271.69566752115884,0.0
2025-11-18,269.99,270.71,265.32,267.44,4.567728E7,AAPL,267.451424734933,271.62933451334635,0.0
2025-11-18,269.99,270.71,265.32,267.44,4.567728E7,AAPL,267.44856916155135,271.56300150553386,0.0
2025-11-18,269.99,270.71,265.32,267.44,4.567728E7,AAPL,267.44571358816967,271.4966684977214,0.0
2025-11-19,265.525,272.21,265.5,268.56,4.0424492E7,AAPL,267.6028573172433,271.27366841634114,0.42
2025-11-19,265.525,272.21,265.5,268.56,4.0424492E7,AAPL,267.760001046317,271.05066833496096,0.0
2025-11-19,265.525,272.21,265.5,268.56,4.0424492E7,AAPL,267.9200003487723,270.8276682535807,0.0
2025-11-19,265.525,272.21,265.5,268.56,4.0424492E7,AAPL,268.0799996512277,270.60466817220055,0.0
2025-11-19,265.525,272.21,265.5,268.56,4.0424492E7,AAPL,268.239998953683,270.3816680908203,0.0
2025-11-20,270.83,275.43,265.92,266.25,4.5823568E7,AAPL,268.0699986049107,270.14100138346356,-0.86
2025-11-20,270.83,275.43,265.92,266.25,4.5823568E7,AAPL,267.8999982561384,269.90033467610675,0.0
2025-11-20,270.83,275.43,265.92,266.25,4.5823568E7,AAPL,267.5699986049107,269.65966796875,0.0
2025-11-20,270.83,275.43,265.92,266.25,4.5823568E7,AAPL,267.239998953683,269.41900126139325,0.0
2025-11-20,270.83,275.43,265.92,266.25,4.5823568E7,AAPL,266.90999930245533,269.17833455403644,0.0
2025-11-21,265.95,273.33,265.67,271.49,5.9030832E7,AAPL,267.3285696847098,269.1296671549479,1.97
2025-11-21,265.95,273.33,265.67,271.49,5.9030832E7,AAPL,267.7471400669643,269.08099975585935,0.0
2025-11-21,265.95,273.33,265.67,271.49,5.9030832E7,AAPL,268.49571010044644,269.03233235677084,0.0
2025-11-21,265.95,273.33,265.67,271.49,5.9030832E7,AAPL,269.24428013392856,268.98366495768227,0.0
2025-11-21,265.95,273.33,265.67,271.49,5.9030832E7,AAPL,269.9928501674107,268.93499755859375,0.0
2025-11-24,270.9,277.0,270.9,275.92,6.5585796E7,AAPL,271.37428065708707,269.0519978841146,1.63
2025-11-24,270.9,277.0,270.9,275.92,6.5585796E7,AAPL,272.7557111467634,269.1689982096354,0.0
2025-11-24,270.9,277.0,270.9,275.92,6.5585796E7,AAPL,273.3885716029576,269.28599853515624,0.0
2025-11-24,270.9,277.0,270.9,275.92,6.5585796E7,AAPL,274.0214320591518,269.4029988606771,0.0
2025-11-24,270.9,277.0,270.9,275.92,6.5585796E7,AAPL,274.65429251534596,269.51999918619794,0.0
2025-11-25,275.27,280.38,275.25,276.97,4.691422E7,AAPL,275.43715122767856,269.8369995117188,0.38
2025-11-25,275.27,280.38,275.25,276.97,4.691422E7,AAPL,276.22000994001115,270.1539998372396,0.0
2025-11-25,275.27,280.38,275.25,276.97,4.691422E7,AAPL,276.37000819614957,270.4710001627604,0.0
2025-11-25,275.27,280.38,275.25,276.97,4.691422E7,AAPL,276.52000645228793,270.7880004882812,0.0
2025-11-25,275.27,280.38,275.25,276.97,4.691422E7,AAPL,276.67000470842635,271.10500081380206,0.0
2025-11-26,276.96,279.53,276.63,277.55,3.3431424E7,AAPL,276.9028581891741,271.44200032552084,0.21
2025-11-26,276.96,279.53,276.63,277.55,3.3431424E7,AAPL,277.1357116699219,271.7789998372396,0.0
2025-11-26,276.96,279.53,276.63,277.55,3.3431424E7,AAPL,277.21856689453125,272.1159993489583,0.0
2025-11-26,276.96,279.53,276.63,277.55,3.3431424E7,AAPL,277.3014221191406,272.4529988606771,0.0
2025-11-26,276.96,279.53,276.63,277.55,3.3431424E7,AAPL,277.38427734375,272.7899983723958,0.0
2025-11-28,277.26,279.0,275.9865,278.85,2.013562E7,AAPL,277.65284946986606,273.13299865722655,0.47
2025-11-28,277.26,279.0,275.9865,278.85,2.013562E7,AAPL,277.92142159598217,273.4759989420573,0.0
2025-11-28,277.26,279.0,275.9865,278.85,2.013562E7,AAPL,278.10713849748885,273.818999226888,0.0
2025-11-28,277.26,279.0,275.9865,278.85,2.013562E7,AAPL,278.2928553989955,274.16199951171876,0.0
2025-11-28,277.26,279.0,275.9865,278.85,2.013562E7,AAPL,278.4785723005022,274.5049997965495,0.0
2025-12-01,278.01,283.42,276.14,283.1,4.658772E7,AAPL,279.2714320591518,275.06666666666666,1.52
2025-12-01,278.01,283.42,276.14,283.1,4.658772E7,AAPL,280.06429181780135,275.6283335367838,0.0
2025-12-01,278.01,283.42,276.14,283.1,4.658772E7,AAPL,280.6714346749442,276.19000040690105,0.0
2025-12-01,278.01,283.42,276.14,283.1,4.658772E7,AAPL,281.27857753208707,276.7516672770182,0.0
2025-12-01,278.01,283.42,276.14,283.1,4.658772E7,AAPL,281.8857203892299,277.31333414713544,0.0
2025-12-02,283.0,287.4,282.6301,286.19,5.3669532E7,AAPL,282.93429129464283,277.80333455403644,1.09
2025-12-02,283.0,287.4,282.6301,286.19,5.3669532E7,AAPL,283.9828622000558,278.2933349609375,0.0
2025-12-02,283.0,287.4,282.6301,286.19,5.3669532E7,AAPL,284.4242902483259,278.78333536783856,0.0
2025-12-02,283.0,287.4,282.6301,286.19,5.3669532E7,AAPL,284.86571829659596,279.27333577473956,0.0
2025-12-02,283.0,287.4,282.6301,286.19,5.3669532E7,AAPL,285.30714634486606,279.7633361816406,0.0
2025-12-03,286.2,288.62,283.3,284.15,4.3538688E7,AAPL,285.4571446010045,280.0376688639323,-0.71
2025-12-03,286.2,288.62,283.3,284.15,4.3538688E7,AAPL,285.60714285714283,280.31200154622394,0.0
2025-12-03,286.2,288.62,283.3,284.15,4.3538688E7,AAPL,285.31571306501115,280.5863342285156,0.0
2025-12-03,286.2,288.62,283.3,284.15,4.3538688E7,AAPL,285.0242832728795,280.8606669108073,0.0
2025-12-03,286.2,288.62,283.3,284.15,4.3538688E7,AAPL,284.7328534807478,281.13499959309894,0.0
2025-12-04,284.095,284.73,278.59,280.7,4.3989056E7,AAPL,283.94856916155135,281.25933329264325,-1.21
2025-12-04,284.095,284.73,278.59,280.7,4.3989056E7,AAPL,283.1642848423549,281.3836669921875,0.0
2025-12-04,284.095,284.73,278.59,280.7,4.3989056E7,AAPL,282.6714303152902,281.50800069173175,0.0
2025-12-04,284.095,284.73,278.59,280.7,4.3989056E7,AAPL,282.17857578822543,281.63233439127606,0.0
2025-12-04,284.095,284.73,278.59,280.7,4.3989056E7,AAPL,281.6857212611607,281.7566680908203,0.0
2025-12-05,280.54,281.14,278.05,278.78,4.7265844E7,AAPL,280.9185791015625,281.79766845703125,-0.68
2025-12-05,280.54,281.14,278.05,278.78,4.7265844E7,AAPL,280.1514369419643,281.8386688232422,0.0
2025-12-05,280.54,281.14,278.05,278.78,4.7265844E7,AAPL,279.8771493094308,281.8796691894531,0.0
2025-12-05,280.54,281.14,278.05,278.78,4.7265844E7,AAPL,279.6028616768973,281.92066955566406,0.0
2025-12-05,280.54,281.14,278.05,278.78,4.7265844E7,AAPL,279.32857404436385,281.961669921875,0.0
2025-12-08,278.13,279.6693,276.15,277.89,3.6406316E7,AAPL,278.9271458217076,281.92967020670574,-0.32
2025-12-08,278.13,279.6693,276.15,277.89,3.6406316E7,AAPL,278.52571759905135,281.8976704915365,0.0
2025-12-08,278.13,279.6693,276.15,277.89,3.6406316E7,AAPL,278.39857700892856,281.8656707763672,0.0
2025-12-08,278.13,279.6693,276.15,277.89,3.6406316E7,AAPL,278.2714364188058,281.8336710611979,0.0
2025-12-08,278.13,279.6693,276.15,277.89,3.6406316E7,AAPL,278.144295828683,281.8016713460286,0.0
2025-12-09,278.16,280.03,276.92,277.18,3.175341E7,AAPL,277.9157235281808,281.6043375651042,-0.26
2025-12-09,278.16,280.03,276.92,277.18,3.175341E7,AAPL,277.68715122767856,281.40700378417966,0.0
2025-12-09,278.16,280.03,276.92,277.18,3.175341E7,AAPL,277.5857195172991,281.2096700032552,0.0
2025-12-09,278.16,280.03,276.92,277.18,3.175341E7,AAPL,277.48428780691967,281.0123362223307,0.0
2025-12-09,278.16,280.03,276.92,277.18,3.175341E7,AAPL,277.3828560965402,280.81500244140625,0.0
2025-12-10,277.75,279.75,276.44,278.78,3.3038318E7,AAPL,277.50999668666293,280.56800231933596,0.58
2025-12-10,277.75,279.75,276.44,278.78,3.3038318E7,AAPL,277.6371372767857,280.3210021972656,0.0
2025-12-10,277.75,279.75,276.44,278.78,3.3038318E7,AAPL,277.86570957728793,280.0740020751953,0.0
2025-12-10,277.75,279.75,276.44,278.78,3.3038318E7,AAPL,278.0942818777902,279.827001953125,0.0
2025-12-10,277.75,279.75,276.44,278.78,3.3038318E7,AAPL,278.3228541782924,279.5800018310547,0.0
2025-12-11,279.095,279.59,273.81,278.03,3.3247986E7,AAPL,278.4442836216518,279.3760019938151,-0.27
2025-12-11,279.095,279.59,273.81,278.03,3.3247986E7,AAPL,278.56571306501115,279.1720021565755,0.0
2025-12-11,279.095,279.59,273.81,278.03,3.3247986E7,AAPL,278.4585702078683,278.96800231933594,0.0
2025-12-11,279.095,279.59,273.81,278.03,3.3247986E7,AAPL,278.35142735072543,278.7640024820964,0.0
2025-12-11,279.095,279.59,273.81,278.03,3.3247986E7,AAPL,278.2442844935826,278.56000264485675,0.0
2025-12-12,277.9,279.22,276.82,278.28,3.9532888E7,AAPL,278.17285592215404,278.479335530599,0.09
2025-12-12,277.9,279.22,276.82,278.28,3.9532888E7,AAPL,278.10142735072543,278.39866841634114,0.0
2025-12-12,277.9,279.22,276.82,278.28,3.9532888E7,AAPL,278.1371416364397,278.31800130208336,0.0
2025-12-12,277.9,279.22,276.82,278.28,3.9532888E7,AAPL,278.17285592215404,278.2373341878255,0.0
2025-12-12,277.9,279.22,276.82,278.28,3.9532888E7,AAPL,278.2085702078683,278.1566670735677,0.0
2025-12-15,280.15,280.15,272.84,274.11,5.040908E7,AAPL,277.6485682896205,278.0009999593099,-1.5
2025-12-15,280.15,280.15,272.84,274.11,5.040908E7,AAPL,277.0885663713728,277.8453328450521,0.0
2025-12-15,280.15,280.15,272.84,274.11,5.040908E7,AAPL,276.4928501674107,277.6896657307943,0.0
2025-12-15,280.15,280.15,272.84,274.11,5.040908E7,AAPL,275.89713396344865,277.53399861653645,0.0
2025-12-15,280.15,280.15,272.84,274.11,5.040908E7,AAPL,275.3014177594866,277.3783315022786,0.0
2025-12-16,272.82,275.5,271.79,274.61,3.7648628E7,AAPL,274.7771301269531,277.2689971923828,0.18
2025-12-16,272.82,275.5,271.79,274.61,3.7648628E7,AAPL,274.25284249441967,277.159662882487,0.0
2025-12-16,272.82,275.5,271.79,274.61,3.7648628E7,AAPL,274.3242710658482,277.0503285725911,0.0
2025-12-16,272.82,275.5,271.79,274.61,3.7648628E7,AAPL,274.3956996372768,276.9409942626953,0.0
2025-12-16,272.82,275.5,271.79,274.61,3.7648628E7,AAPL,274.46712820870533,276.8316599527995,0.0
2025-12-17,275.01,276.16,271.64,271.84,5.0138744E7,AAPL,274.1428440638951,276.6536600748698,-1.01
2025-12-17,275.01,276.16,271.64,271.84,5.0138744E7,AAPL,273.8185599190848,276.4756601969401,0.0
2025-12-17,275.01,276.16,271.64,271.84,5.0138744E7,AAPL,273.42284720284596,276.2976603190104,0.0
2025-12-17,275.01,276.16,271.64,271.84,5.0138744E7,AAPL,273.02713448660717,276.1196604410807,0.0
2025-12-17,275.01,276.16,271.64,271.84,5.0138744E7,AAPL,272.6314217703683,275.94166056315106,0.0
2025-12-18,273.605,273.63,266.95,272.19,5.163072E7,AAPL,272.2857099260603,275.7219940185547,0.13
2025-12-18,273.605,273.63,266.95,272.19,5.163072E7,AAPL,271.9399980817522,275.50232747395836,0.0
2025-12-18,273.605,273.63,266.95,272.19,5.163072E7,AAPL,271.989998953683,275.28266092936195,0.0
2025-12-18,273.605,273.63,266.95,272.19,5.163072E7,AAPL,272.03999982561385,275.0629943847656,0.0
2025-12-18,273.605,273.63,266.95,272.19,5.163072E7,AAPL,272.09000069754467,274.84332784016925,0.0
2025-12-19,272.145,274.6,269.9,273.67,1.44632048E8,AAPL,272.3514317103795,274.6979949951172,0.54
2025-12-19,272.145,274.6,269.9,273.67,1.44632048E8,AAPL,272.6128627232143,274.5526621500651,0.0
2025-12-19,272.145,274.6,269.9,273.67,1.44632048E8,AAPL,272.8242928641183,274.40732930501304,0.0
2025-12-19,272.145,274.6,269.9,273.67,1.44632048E8,AAPL,273.0357230050223,274.2619964599609,0.0
2025-12-19,272.145,274.6,269.9,273.67,1.44632048E8,AAPL,273.24715314592635,274.1166636149089,0.0
2025-12-22,272.86,273.88,270.505,270.97,3.6571828E7,AAPL,273.0728672572545,273.8729970296224,-0.99
2025-12-22,272.86,273.88,270.505,270.97,3.6571828E7,AAPL,272.8985813685826,273.62933044433595,0.0
2025-12-22,272.86,273.88,270.505,270.97,3.6571828E7,AAPL,272.5128653390067,273.3856638590495,0.0
2025-12-22,272.86,273.88,270.505,270.97,3.6571828E7,AAPL,272.1271493094308,273.141997273763,0.0
2025-12-22,272.86,273.88,270.505,270.97,3.6571828E7,AAPL,271.7414332798549,272.89833068847656,0.0
2025-12-23,270.84,272.5,269.56,272.36,2.9642E7,AAPL,271.55428641183033,272.8399973551432,0.51
2025-12-23,270.84,272.5,269.56,272.36,2.9642E7,AAPL,271.3671395438058,272.7816640218099,0.0
2025-12-23,270.84,272.5,269.56,272.36,2.9642E7,AAPL,271.56570870535717,272.72333068847655,0.0
2025-12-23,270.84,272.5,269.56,272.36,2.9642E7,AAPL,271.76427786690846,272.6649973551432,0.0
2025-12-23,270.84,272.5,269.56,272.36,2.9642E7,AAPL,271.9628470284598,272.6066640218099,0.0
2025-12-24,272.34,275.43,272.195,273.81,1.7910574E7,AAPL,272.3685607910156,272.5799977620443,0.53
2025-12-24,272.34,275.43,272.195,273.81,1.7910574E7,AAPL,272.77427455357144,272.55333150227864,0.0
2025-12-24,272.34,275.43,272.195,273.81,1.7910574E7,AAPL,272.9814191545759,272.52666524251305,0.0
2025-12-24,272.34,275.43,272.195,273.81,1.7910574E7,AAPL,273.18856375558033,272.4999989827474,0.0
2025-12-24,272.34,275.43,272.195,273.81,1.7910574E7,AAPL,273.3957083565848,272.47333272298175,0.0
2025-12-26,274.16,275.37,272.86,273.4,2.1521802E7,AAPL,273.5442810058594,272.52533264160155,-0.15
2025-12-26,274.16,275.37,272.86,273.4,2.1521802E7,AAPL,273.69285365513394,272.57733256022135,0.0
2025-12-26,274.16,275.37,272.86,273.4,2.1521802E7,AAPL,273.63428170340404,272.62933247884115,0.0
2025-12-26,274.16,275.37,272.86,273.4,2.1521802E7,AAPL,273.5757097516741,272.68133239746095,0.0
2025-12-26,274.16,275.37,272.86,273.4,2.1521802E7,AAPL,273.5171377999442,272.73333231608075,0.0
2025-12-29,272.69,274.36,272.35,273.76,2.3715212E7,AAPL,273.50999668666293,272.78566589355466,0.13
2025-12-29,272.69,274.36,272.35,273.76,2.3715212E7,AAPL,273.5028555733817,272.83799947102864,0.0
2025-12-29,272.69,274.36,272.35,273.76,2.3715212E7,AAPL,273.55428641183033,272.8903330485026,0.0
2025-12-29,272.69,274.36,272.35,273.76,2.3715212E7,AAPL,273.60571725027904,272.9426666259766,0.0
2025-12-29,272.69,274.36,272.35,273.76,2.3715212E7,AAPL,273.6571480887277,272.9950002034505,0.0
2025-12-30,272.81,274.08,272.28,273.08,2.2139616E7,AAPL,273.61143275669644,272.97533264160154,-0.25
2025-12-30,272.81,274.08,272.28,273.08,2.2139616E7,AAPL,273.5657174246652,272.9556650797526,0.0
2025-12-30,272.81,274.08,272.28,273.08,2.2139616E7,AAPL,273.4685712541853,272.9359975179037,0.0
2025-12-30,272.81,274.08,272.28,273.08,2.2139616E7,AAPL,273.37142508370533,272.9163299560547,0.0
2025-12-30,272.81,274.08,272.28,273.08,2.2139616E7,AAPL,273.27427891322543,272.89666239420575,0.0
2025-12-31,273.06,273.68,271.75,271.86,2.729364E7,AAPL,273.00284685407365,272.92632853190105,-0.45
2025-12-31,273.06,273.68,271.75,271.86,2.729364E7,AAPL,272.7314147949219,272.95599466959635,0.0
2025-12-31,273.06,273.68,271.75,271.86,2.729364E7,AAPL,272.55712890625,272.98566080729165,0.0
2025-12-31,273.06,273.68,271.75,271.86,2.729364E7,AAPL,272.3828430175781,273.01532694498695,0.0
2025-12-31,273.06,273.68,271.75,271.86,2.729364E7,AAPL,272.20855712890625,273.0449930826823,0.0
2026-01-02,272.255,277.84,269.0,271.01,3.7838056E7,AAPL,271.91284615652904,272.9999938964844,-0.31
2026-01-02,272.255,277.84,269.0,271.01,3.7838056E7,AAPL,271.6171351841518,272.9549947102865,0.0
2026-01-02,272.255,277.84,269.0,271.01,3.7838056E7,AAPL,271.49571010044644,272.9099955240885,0.0
2026-01-02,272.255,277.84,269.0,271.01,3.7838056E7,AAPL,271.37428501674106,272.8649963378906,0.0
2026-01-02,272.255,277.84,269.0,271.01,3.7838056E7,AAPL,271.2528599330357,272.8199971516927,0.0
2026-01-05,270.64,271.51,266.14,267.26,4.5647192E7,AAPL,270.59572056361606,272.60166422526044,-1.38
2026-01-05,270.64,271.51,266.14,267.26,4.5647192E7,AAPL,269.93858119419644,272.3833312988281,0.0
2026-01-05,270.64,271.51,266.14,267.26,4.5647192E7,AAPL,269.40286690848217,272.1649983723958,0.0
2026-01-05,270.64,271.51,266.14,267.26,4.5647192E7,AAPL,268.86715262276783,271.94666544596356,0.0
2026-01-05,270.64,271.51,266.14,267.26,4.5647192E7,AAPL,268.33143833705356,271.72833251953125,0.0
2026-01-06,267.0,267.55,262.12,262.36,5.2352088E7,AAPL,267.09572056361606,271.36033223470054,-1.83
2026-01-06,267.0,267.55,262.12,262.36,5.2352088E7,AAPL,265.86000279017856,270.99233194986977,0.0
2026-01-06,267.0,267.55,262.12,262.36,5.2352088E7,AAPL,265.15999930245533,270.62433166503905,0.0
2026-01-06,267.0,267.55,262.12,262.36,5.2352088E7,AAPL,264.45999581473217,270.25633138020834,0.0
2026-01-06,267.0,267.55,262.12,262.36,5.2352088E7,AAPL,263.75999232700894,269.8883310953776,0.0
2026-01-07,263.2,263.68,259.81,260.33,4.8309804E7,AAPL,262.7699890136719,269.44066365559894,-0.77
2026-01-07,263.2,263.68,259.81,260.33,4.8309804E7,AAPL,261.7799857003348,268.9929962158203,0.0
2026-01-07,263.2,263.68,259.81,260.33,4.8309804E7,AAPL,261.48998587472096,268.5453287760417,0.0
2026-01-07,263.2,263.68,259.81,260.33,4.8309804E7,AAPL,261.19998604910717,268.097661336263,0.0
2026-01-07,263.2,263.68,259.81,260.33,4.8309804E7,AAPL,260.9099862234933,267.6499938964844,0.0
2026-01-08,257.02,259.29,255.7,259.04,5.0419336E7,AAPL,260.43570382254467,267.18199462890624,-0.5
2026-01-08,257.02,259.29,255.7,259.04,5.0419336E7,AAPL,259.96142142159596,266.7139953613281,0.0
2026-01-08,257.02,259.29,255.7,259.04,5.0419336E7,AAPL,259.77713884626115,266.24599609375,0.0
2026-01-08,257.02,259.29,255.7,259.04,5.0419336E7,AAPL,259.59285627092635,265.7779968261719,0.0
2026-01-08,257.02,259.29,255.7,259.04,5.0419336E7,AAPL,259.40857369559154,265.30999755859375,0.0
2026-01-09,259.075,260.21,256.22,259.37,3.9996968E7,AAPL,259.2714320591518,264.89366455078124,0.13
2026-01-09,259.075,260.21,256.22,259.37,3.9996968E7,AAPL,259.13429042271207,264.4773315429687,0.0
2026-01-09,259.075,260.21,256.22,259.37,3.9996968E7,AAPL,259.18143136160717,264.0609985351563,0.0
2026-01-09,259.075,260.21,256.22,259.37,3.9996968E7,AAPL,259.2285723005022,263.64466552734376,0.0
2026-01-09,259.075,260.21,256.22,259.37,3.9996968E7,AAPL,259.2757132393973,263.22833251953125,0.0
2026-01-12,259.16,261.3,256.8,260.25,4.5263768E7,AAPL,259.44856916155135,262.8696655273437,0.34
2026-01-12,259.16,261.3,256.8,260.25,4.5263768E7,AAPL,259.62142508370533,262.51099853515626,0.0
2026-01-12,259.16,261.3,256.8,260.25,4.5263768E7,AAPL,259.7471400669643,262.15233154296874,0.0
2026-01-12,259.16,261.3,256.8,260.25,4.5263768E7,AAPL,259.8728550502232,261.7936645507813,0.0
2026-01-12,259.16,261.3,256.8,260.25,4.5263768E7,AAPL,259.99857003348217,261.43499755859375,0.0
2026-01-13,258.72,261.81,258.39,261.05,4.5730848E7,AAPL,260.2385689871652,261.2279968261719,0.31
2026-01-13,258.72,261.81,258.39,261.05,4.5730848E7,AAPL,260.4785679408482,261.02099609375,0.0
2026-01-13,258.72,261.81,258.39,261.05,4.5730848E7,AAPL,260.5928519112723,260.8139953613281,0.0
2026-01-13,258.72,261.81,258.39,261.05,4.5730848E7,AAPL,260.70713588169644,260.60699462890625,0.0
2026-01-13,258.72,261.81,258.39,261.05,4.5730848E7,AAPL,260.8214198521205,260.3999938964844,0.0
2026-01-14,259.49,261.82,256.71,259.96,4.001942E7,AAPL,260.77999005998885,260.3199940999349,-0.42
2026-01-14,259.49,261.82,256.71,259.96,4.001942E7,AAPL,260.73856026785717,260.2399943033854,0.0
2026-01-14,259.49,261.82,256.71,259.96,4.001942E7,AAPL,260.58284650530135,260.1599945068359,0.0
2026-01-14,259.49,261.82,256.71,259.96,4.001942E7,AAPL,260.4271327427455,260.0799947102865,0.0
2026-01-14,259.49,261.82,256.71,259.96,4.001942E7,AAPL,260.2714189801897,259.999994913737,0.0
2026-01-15,260.65,261.04,257.05,258.21,3.9388564E7,AAPL,259.86570521763394,259.9293284098307,-0.67
2026-01-15,260.65,261.04,257.05,258.21,3.9388564E7,AAPL,259.4599914550781,259.85866190592446,0.0
2026-01-15,260.65,261.04,257.05,258.21,3.9388564E7,AAPL,259.2099914550781,259.7879954020182,0.0
2026-01-15,260.65,261.04,257.05,258.21,3.9388564E7,AAPL,258.9599914550781,259.717328898112,0.0
2026-01-15,260.65,261.04,257.05,258.21,3.9388564E7,AAPL,258.7099914550781,259.64666239420575,0.0
2026-01-16,257.9,258.9,254.93,255.53,7.2142776E7,AAPL,258.07713535853793,259.5296620686849,-1.04
2026-01-16,257.9,258.9,254.93,255.53,7.2142776E7,AAPL,257.4442792619978,259.41266174316405,0.0
2026-01-16,257.9,258.9,254.93,255.53,7.2142776E7,AAPL,257.0614231654576,259.2956614176432,0.0
2026-01-16,257.9,258.9,254.93,255.53,7.2142776E7,AAPL,256.6785670689174,259.1786610921224,0.0
2026-01-16,257.9,258.9,254.93,255.53,7.2142776E7,AAPL,256.2957109723772,259.06166076660156,0.0
2026-01-20,252.73,254.79,243.42,246.7,7.7280984E7,AAPL,254.65142604282923,258.63932749430336,-3.46
2026-01-20,252.73,254.79,243.42,246.7,7.7280984E7,AAPL,253.00714111328125,258.2169942220052,0.0
2026-01-20,252.73,254.79,243.42,246.7,7.7280984E7,AAPL,251.74571228027344,257.794660949707,0.0
2026-01-20,252.73,254.79,243.42,246.7,7.7280984E7,AAPL,250.48428344726562,257.37232767740886,0.0
2026-01-20,252.73,254.79,243.42,246.7,7.7280984E7,AAPL,249.2228546142578,256.94999440511066,0.0
2026-01-21,248.7,251.56,245.18,247.65,5.4641724E7,AAPL,248.0971396309989,256.52999420166014,0.39
2026-01-21,248.7,251.56,245.18,247.65,5.4641724E7,AAPL,246.97142464773995,256.10999399820963,0.0
2026-01-21,248.7,251.56,245.18,247.65,5.4641724E7,AAPL,247.10713849748885,255.68999379475912,0.0
2026-01-21,248.7,251.56,245.18,247.65,5.4641724E7,AAPL,247.24285234723772,255.2699935913086,0.0
2026-01-21,248.7,251.56,245.18,247.65,5.4641724E7,AAPL,247.3785661969866,254.84999338785806,0.0
2026-01-22,249.2,251.0,248.15,248.35,3.970834E7,AAPL,247.6142817905971,254.4266606648763,0.28
2026-01-22,249.2,251.0,248.15,248.35,3.970834E7,AAPL,247.8499973842076,254.00332794189453,0.0
2026-01-22,249.2,251.0,248.15,248.35,3.970834E7,AAPL,247.9499991280692,253.57999521891276,0.0
2026-01-22,249.2,251.0,248.15,248.35,3.970834E7,AAPL,248.0500008719308,253.156662495931,0.0
2026-01-22,249.2,251.0,248.15,248.35,3.970834E7,AAPL,248.1500026157924,252.73332977294922,0.0
2026-01-23,247.32,249.41,244.68,248.04,4.1688984E7,AAPL,248.2057168143136,252.33599650065105,-0.12
2026-01-23,247.32,249.41,244.68,248.04,4.1688984E7,AAPL,248.26143101283483,251.93866322835285,0.0
2026-01-23,247.32,249.41,244.68,248.04,4.1688984E7,AAPL,248.21714346749442,251.54132995605468,0.0
2026-01-23,247.32,249.41,244.68,248.04,4.1688984E7,AAPL,248.172855922154,251.1439966837565,0.0
2026-01-23,247.32,249.41,244.68,248.04,4.1688984E7,AAPL,248.1285683768136,250.74666341145834,0.0
2026-01-26,251.48,256.56,249.8,255.41,5.5969232E7,AAPL,249.13713945661272,250.65333048502603,2.97
2026-01-26,251.48,256.56,249.8,255.41,5.5969232E7,AAPL,250.14571053641183,250.55999755859375,0.0
2026-01-26,251.48,256.56,249.8,255.41,5.5969232E7,AAPL,251.19856916155135,250.46666463216147,0.0
2026-01-26,251.48,256.56,249.8,255.41,5.5969232E7,AAPL,252.25142778669084,250.37333170572916,0.0
2026-01-26,251.48,256.56,249.8,255.41,5.5969232E7,AAPL,253.30428641183036,250.27999877929688,0.0
2026-01-27,259.17,261.95,258.21,258.27,4.8787856E7,AAPL,254.76571437290735,250.37133178710937,1.12
2026-01-27,259.17,261.95,258.21,258.27,4.8787856E7,AAPL,256.2271423339844,250.46266479492186,0.0
2026-01-27,259.17,261.95,258.21,258.27,4.8787856E7,AAPL,256.6357116699219,250.5539978027344,0.0
2026-01-27,259.17,261.95,258.21,258.27,4.8787856E7,AAPL,257.0442810058594,250.64533081054688,0.0
2026-01-27,259.17,261.95,258.21,258.27,4.8787856E7,AAPL,257.4528503417969,250.73666381835938,0.0
2026-01-28,257.65,258.855,254.51,256.44,4.1287972E7,AAPL,257.59999302455356,251.06133066813152,-0.71
2026-01-28,257.65,258.855,254.51,256.44,4.1287972E7,AAPL,257.7471357073103,251.38599751790363,0.0
2026-01-28,257.65,258.855,254.51,256.44,4.1287972E7,AAPL,257.4857090541295,251.71066436767578,0.0
2026-01-28,257.65,258.855,254.51,256.44,4.1287972E7,AAPL,257.22428240094865,252.03533121744792,0.0
2026-01-28,257.65,258.855,254.51,256.44,4.1287972E7,AAPL,256.96285574776783,252.35999806722006,0.0
2026-01-29,258.0,259.65,254.41,258.28,6.7253008E7,AAPL,256.9642857142857,252.7143315633138,0.72
2026-01-29,258.0,259.65,254.41,258.28,6.7253008E7,AAPL,256.96571568080356,253.06866505940755,0.0
2026-01-29,258.0,259.65,254.41,258.28,6.7253008E7,AAPL,257.2285723005022,253.4229985555013,0.0
2026-01-29,258.0,259.65,254.41,258.28,6.7253008E7,AAPL,257.4914289202009,253.77733205159504,0.0
2026-01-29,258.0,259.65,254.41,258.28,6.7253008E7,AAPL,257.75428553989957,254.1316655476888,0.0
2026-01-30,255.165,261.8999,252.18,259.48,9.2443408E7,AAPL,258.1885724748884,254.5026657104492,0.46
2026-01-30,255.165,261.8999,252.18,259.48,9.2443408E7,AAPL,258.6228594098772,254.87366587320963,0.0
2026-01-30,255.165,261.8999,252.18,259.48,9.2443408E7,AAPL,258.7942897251674,255.24466603597006,0.0
2026-01-30,255.165,261.8999,252.18,259.48,9.2443408E7,AAPL,258.9657200404576,255.61566619873048,0.0
2026-01-30,255.165,261.8999,252.18,259.48,9.2443408E7,AAPL,259.1371503557478,255.98666636149088,0.0
2026-02-02,260.03,270.49,259.205,270.01,7.3913424E7,AAPL,260.8128662109375,256.7190002441406,4.06
2026-02-02,260.03,270.49,259.205,270.01,7.3913424E7,AAPL,262.4885820661272,257.45133412679036,0.0
2026-02-02,260.03,270.49,259.205,270.01,7.3913424E7,AAPL,263.9928676060268,258.1836680094401,0.0
2026-02-02,260.03,270.49,259.205,270.01,7.3913424E7,AAPL,265.49715314592635,258.91600189208987,0.0
2026-02-02,260.03,270.49,259.205,270.01,7.3913424E7,AAPL,267.0014386858259,259.64833577473956,0.0
2026-02-03,269.2,271.875,267.61,269.48,6.3799388E7,AAPL,268.4300101143973,260.1173360188802,-0.2
2026-02-03,269.2,271.875,267.61,269.48,6.3799388E7,AAPL,269.85858154296875,260.5863362630208,0.0
2026-02-03,269.2,271.875,267.61,269.48,6.3799388E7,AAPL,269.7828674316406,261.0553365071615,0.0
2026-02-03,269.2,271.875,267.61,269.48,6.3799388E7,AAPL,269.7071533203125,261.5243367513021,0.0
2026-02-03,269.2,271.875,267.61,269.48,6.3799388E7,AAPL,269.6314392089844,261.9933369954427,0.0
2026-02-04,272.285,278.95,272.285,276.49,9.0545712E7,AAPL,270.5571507045201,262.6006703694662,2.6
2026-02-04,272.285,278.95,272.285,276.49,9.0545712E7,AAPL,271.4828622000558,263.2080037434896,0.0
2026-02-04,272.285,278.95,272.285,276.49,9.0545712E7,AAPL,272.48428780691967,263.815337117513,0.0
2026-02-04,272.285,278.95,272.285,276.49,9.0545712E7,AAPL,273.48571341378346,264.42267049153645,0.0
2026-02-04,272.285,278.95,272.285,276.49,9.0545712E7,AAPL,274.4871390206473,265.0300038655599,0.0
2026-02-05,278.13,279.5,273.23,275.91,5.297744E7,AAPL,275.4057094029018,265.67900390625,-0.21
2026-02-05,278.13,279.5,273.23,275.91,5.297744E7,AAPL,276.32427978515625,266.3280039469401,0.0
2026-02-05,278.13,279.5,273.23,275.91,5.297744E7,AAPL,276.2414245605469,266.9770039876302,0.0
2026-02-05,278.13,279.5,273.23,275.91,5.297744E7,AAPL,276.1585693359375,267.6260040283203,0.0
2026-02-05,278.13,279.5,273.23,275.91,5.297744E7,AAPL,276.0757141113281,268.27500406901044,0.0
2026-02-06,277.12,280.905,276.925,278.12,5.0453416E7,AAPL,276.3085719517299,268.93633728027345,0.8
2026-02-06,277.12,280.905,276.925,278.12,5.0453416E7,AAPL,276.5414297921317,269.59767049153646,0.0
2026-02-06,277.12,280.905,276.925,278.12,5.0453416E7,AAPL,276.85714285714283,270.2590037027995,0.0
2026-02-06,277.12,280.905,276.925,278.12,5.0453416E7,AAPL,277.17285592215404,270.9203369140625,0.0
2026-02-06,277.12,280.905,276.925,278.12,5.0453416E7,AAPL,277.4885689871652,271.5816701253255,0.0
2026-02-09,277.905,278.2,271.7,274.62,4.4623396E7,AAPL,277.30428205217635,272.0863362630208,-1.26
2026-02-09,277.905,278.2,271.7,274.62,4.4623396E7,AAPL,277.1199951171875,272.59100240071615,0.0
2026-02-09,277.905,278.2,271.7,274.62,4.4623396E7,AAPL,276.6199951171875,273.0956685384115,0.0
2026-02-09,277.905,278.2,271.7,274.62,4.4623396E7,AAPL,276.1199951171875,273.6003346761068,0.0
2026-02-09,277.905,278.2,271.7,274.62,4.4623396E7,AAPL,275.6199951171875,274.10500081380206,0.0
2026-02-10,274.885,275.37,272.94,273.68,3.4376896E7,AAPL,274.9857090541295,274.227333577474,-0.34
2026-02-10,274.885,275.37,272.94,273.68,3.4376896E7,AAPL,274.35142299107144,274.34966634114585,0.0
2026-02-10,274.885,275.37,272.94,273.68,3.4376896E7,AAPL,274.2171369280134,274.4719991048177,0.0
2026-02-10,274.885,275.37,272.94,273.68,3.4376896E7,AAPL,274.08285086495533,274.5943318684896,0.0
2026-02-10,274.885,275.37,272.94,273.68,3.4376896E7,AAPL,273.9485648018973,274.71666463216144,0.0
2026-02-11,274.695,280.18,274.45,275.5,5.1931284E7,AAPL,274.07427978515625,274.9173309326172,0.67
2026-02-11,274.695,280.18,274.45,275.5,5.1931284E7,AAPL,274.1999947684152,275.1179972330729,0.0
2026-02-11,274.695,280.18,274.45,275.5,5.1931284E7,AAPL,274.45999581473217,275.31866353352865,0.0
2026-02-11,274.695,280.18,274.45,275.5,5.1931284E7,AAPL,274.7199968610491,275.5193298339844,0.0
2026-02-11,274.695,280.18,274.45,275.5,5.1931284E7,AAPL,274.97999790736606,275.7199961344401,0.0
2026-02-12,275.59,275.72,260.18,261.73,8.1077232E7,AAPL,273.2728576660156,275.2279968261719,-5.0
2026-02-12,275.59,275.72,260.18,261.73,8.1077232E7,AAPL,271.5657174246652,274.7359975179036,0.0
2026-02-12,275.59,275.72,260.18,261.73,8.1077232E7,AAPL,269.5985761369978,274.24399820963544,0.0
2026-02-12,275.59,275.72,260.18,261.73,8.1077232E7,AAPL,267.63143484933033,273.7519989013672,0.0
2026-02-12,275.59,275.72,260.18,261.73,8.1077232E7,AAPL,265.66429356166293,273.25999959309894,0.0
2026-02-13,262.01,262.23,255.45,255.78,5.6290672E7,AAPL,262.84715053013394,272.58899943033856,-2.27
2026-02-13,262.01,262.23,255.45,255.78,5.6290672E7,AAPL,260.0300074986049,271.9179992675781,0.0
2026-02-13,262.01,262.23,255.45,255.78,5.6290672E7,AAPL,259.1800057547433,271.2469991048177,0.0
2026-02-13,262.01,262.23,255.45,255.78,5.6290672E7,AAPL,258.3300040108817,270.5759989420573,0.0
2026-02-13,262.01,262.23,255.45,255.78,5.6290672E7,AAPL,257.4800022670201,269.9049987792969,0.0
2026-02-17,258.05,266.29,255.54,263.88,5.8469096E7,AAPL,257.78714425223217,269.430332438151,3.17
2026-02-17,258.05,266.29,255.54,263.88,5.8469096E7,AAPL,258.0942862374442,268.95566609700523,0.0
2026-02-17,258.05,266.29,255.54,263.88,5.8469096E7,AAPL,259.25142996651783,268.4809997558594,0.0
2026-02-17,258.05,266.29,255.54,263.88,5.8469096E7,AAPL,260.40857369559154,268.00633341471354,0.0
2026-02-17,258.05,266.29,255.54,263.88,5.8469096E7,AAPL,261.5657174246652,267.5316670735677,0.0
2026-02-18,263.6,266.82,262.45,264.35,3.4203336E7,AAPL,262.79000418526783,267.1893341064453,0.18
2026-02-18,263.6,266.82,262.45,264.35,3.4203336E7,AAPL,264.0142909458705,266.8470011393229,0.0
2026-02-18,263.6,266.82,262.45,264.35,3.4203336E7,AAPL,264.08143397739957,266.5046681722005,0.0
2026-02-18,263.6,266.82,262.45,264.35,3.4203336E7,AAPL,264.14857700892856,266.16233520507814,0.0
2026-02-18,263.6,266.82,262.45,264.35,3.4203336E7,AAPL,264.2157200404576,265.82000223795575,0.0
2026-02-19,262.6,264.48,260.05,260.58,3.0845294E7,AAPL,263.7442888532366,265.3833353678385,-1.43
2026-02-19,262.6,264.48,260.05,260.58,3.0845294E7,AAPL,263.2728576660156,264.94666849772136,0.0
2026-02-19,262.6,264.48,260.05,260.58,3.0845294E7,AAPL,262.7342834472656,264.51000162760414,0.0
2026-02-19,262.6,264.48,260.05,260.58,3.0845294E7,AAPL,262.1957092285156,264.073334757487,0.0
2026-02-19,262.6,264.48,260.05,260.58,3.0845294E7,AAPL,261.6571350097656,263.6366678873698,0.0
2026-02-20,258.97,264.75,258.16,264.58,4.20705E7,AAPL,261.6899893624442,263.2726674397787,1.54
2026-02-20,258.97,264.75,258.16,264.58,4.20705E7,AAPL,261.7228437151228,262.9086669921875,0.0
2026-02-20,258.97,264.75,258.16,264.58,4.20705E7,AAPL,262.29427228655135,262.54466654459634,0.0
2026-02-20,258.97,264.75,258.16,264.58,4.20705E7,AAPL,262.8657008579799,262.1806660970052,0.0
2026-02-20,258.97,264.75,258.16,264.58,4.20705E7,AAPL,263.43712942940846,261.81666564941406,0.0
2026-02-23,263.49,269.43,263.381,266.18,3.7308156E7,AAPL,264.2371303013393,261.9649983723958,0.6
2026-02-23,263.49,269.43,263.381,266.18,3.7308156E7,AAPL,265.0371311732701,262.1133310953776,0.0
2026-02-23,263.49,269.43,263.381,266.18,3.7308156E7,AAPL,265.2657034737723,262.26166381835935,0.0
2026-02-23,263.49,269.43,263.381,266.18,3.7308156E7,AAPL,265.49427577427457,262.4099965413412,0.0
2026-02-23,263.49,269.43,263.381,266.18,3.7308156E7,AAPL,265.7228480747768,262.55832926432294,0.0
2026-02-24,267.86,274.89,267.71,272.14,4.701462E7,AAPL,266.80285208565846,263.1036631266276,2.24
2026-02-24,267.86,274.89,267.71,272.14,4.701462E7,AAPL,267.8828560965402,263.6489969889323,0.0
2026-02-24,267.86,274.89,267.71,272.14,4.701462E7,AAPL,268.73428780691967,264.194330851237,0.0
2026-02-24,267.86,274.89,267.71,272.14,4.701462E7,AAPL,269.5857195172991,264.7396647135417,0.0
2026-02-24,267.86,274.89,267.71,272.14,4.701462E7,AAPL,270.43715122767856,265.2849985758464,0.0
2026-02-25,271.78,274.94,271.05,274.23,3.3714344E7,AAPL,271.58715384347096,265.6299987792969,0.77
2026-02-25,271.78,274.94,271.05,274.23,3.3714344E7,AAPL,272.7371564592634,265.9749989827474,0.0
2026-02-25,271.78,274.94,271.05,274.23,3.3714344E7,AAPL,273.03572736467635,266.3199991861979,0.0
2026-02-25,271.78,274.94,271.05,274.23,3.3714344E7,AAPL,273.3342982700893,266.6649993896484,0.0
2026-02-25,271.78,274.94,271.05,274.23,3.3714344E7,AAPL,273.6328691755022,267.00999959309894,0.0
2026-02-26,274.945,276.11,270.795,272.95,3.2345114E7,AAPL,273.7485831124442,267.2966664632161,-0.47
2026-02-26,274.945,276.11,270.795,272.95,3.2345114E7,AAPL,273.86429704938615,267.5833333333333,0.0
2026-02-26,274.945,276.11,270.795,272.95,3.2345114E7,AAPL,273.6814400809152,267.8700002034505,0.0
2026-02-26,274.945,276.11,270.795,272.95,3.2345114E7,AAPL,273.4985831124442,268.1566670735677,0.0
2026-02-26,274.945,276.11,270.795,272.95,3.2345114E7,AAPL,273.3157261439732,268.4433339436849,0.0
2026-02-27,272.81,272.81,262.89,264.18,7.2366504E7,AAPL,271.88000924246654,268.56333414713544,-3.21
2026-02-27,272.81,272.81,262.89,264.18,7.2366504E7,AAPL,270.4442923409598,268.68333435058594,0.0
2026-02-27,272.81,272.81,262.89,264.18,7.2366504E7,AAPL,269.1914324079241,268.80333455403644,0.0
2026-02-27,272.81,272.81,262.89,264.18,7.2366504E7,AAPL,267.9385724748884,268.923334757487,0.0
2026-02-27,272.81,272.81,262.89,264.18,7.2366504E7,AAPL,266.6857125418527,269.0433349609375,0.0
2026-03-02,262.41,266.53,260.2,264.72,4.1827944E7,AAPL,265.50999668666293,269.0480021158854,0.2
2026-03-02,262.41,266.53,260.2,264.72,4.1827944E7,AAPL,264.3342808314732,269.05266927083335,0.0
2026-03-02,262.41,266.53,260.2,264.72,4.1827944E7,AAPL,264.4114249093192,269.0573364257813,0.0
2026-03-02,262.41,266.53,260.2,264.72,4.1827944E7,AAPL,264.4885689871652,269.06200358072914,0.0
2026-03-02,262.41,266.53,260.2,264.72,4.1827944E7,AAPL,264.56571306501115,269.06667073567706,0.0
2026-03-03,263.48,265.56,260.13,263.75,3.856892E7,AAPL,264.50428553989957,268.9856709798177,-0.37
2026-03-03,263.48,265.56,260.13,263.75,3.856892E7,AAPL,264.44285801478793,268.90467122395836,0.0
2026-03-03,263.48,265.56,260.13,263.75,3.856892E7,AAPL,264.30428641183033,268.82367146809895,0.0
2026-03-03,263.48,265.56,260.13,263.75,3.856892E7,AAPL,264.1657148088728,268.7426717122396,0.0
2026-03-03,263.48,265.56,260.13,263.75,3.856892E7,AAPL,264.0271432059152,268.6616719563802,0.0
2026-03-04,264.65,266.15,261.42,262.52,3.980312E7,AAPL,263.71285574776783,268.34100443522135,-0.47
2026-03-04,264.65,266.15,261.42,262.52,3.980312E7,AAPL,263.3985682896205,268.0203369140625,0.0
2026-03-04,264.65,266.15,261.42,262.52,3.980312E7,AAPL,263.2228524344308,267.6996693929037,0.0
2026-03-04,264.65,266.15,261.42,262.52,3.980312E7,AAPL,263.04713657924106,267.3790018717448,0.0
2026-03-04,264.65,266.15,261.42,262.52,3.980312E7,AAPL,262.87142072405135,267.05833435058594,0.0
